{
    "bedrock_roof_position": -2147483648,
    "bedrock_floor_position": -2147483648,
    "sea_level": 63,
    "min_surface_level": 0,
    "disable_mob_generation": true,
    "noise_caves_enabled": false,
    "noodle_caves_enabled": false,
    "deepslate_enabled": false,
    "ore_veins_enabled": false,
    "aquifers_enabled": false,
    "default_block":{
        "Name": "minecraft:packed_ice"
    },
    "default_fluid": {
        "Name": "minecraft:ice"
    },
    "structures":{
        "structures":{
            "minecraft:endcity": {
                "spacing": 20,
                "separation": 11,
                "salt": 10387313
              },
              "minecraft:desert_pyramid": {
                "spacing": 32,
                "separation": 8,
                "salt": 14357617
              },
              "minecraft:ruined_portal": {
                "spacing": 25,
                "separation": 10,
                "salt": 34222645
              },
              "minecraft:bastion_remnant": {
                "spacing": 27,
                "separation": 4,
                "salt": 30084232
              },
              "minecraft:swamp_hut": {
                "spacing": 32,
                "separation": 8,
                "salt": 14357620
              },
              "minecraft:pillager_outpost": {
                "spacing": 32,
                "separation": 8,
                "salt": 165745296
              },
              "minecraft:igloo": {
                "spacing": 32,
                "separation": 8,
                "salt": 14357618
              },
              "minecraft:mansion": {
                "spacing": 80,
                "separation": 20,
                "salt": 10387319
              },
              "minecraft:village": {
                "spacing": 32,
                "separation": 8,
                "salt": 10387312
              },
              "minecraft:mineshaft": {
                "spacing": 1,
                "separation": 0,
                "salt": 0
              },
              "minecraft:jungle_pyramid": {
                "spacing": 32,
                "separation": 8,
                "salt": 14357619
              },
              "minecraft:buried_treasure": {
                "spacing": 1,
                "separation": 0,
                "salt": 0
              },
              "minecraft:ocean_ruin": {
                "spacing": 20,
                "separation": 8,
                "salt": 14357621
              },
              "minecraft:fortress": {
                "spacing": 27,
                "separation": 4,
                "salt": 30084232
              },
              "minecraft:nether_fossil": {
                "spacing": 2,
                "separation": 1,
                "salt": 14357921
              },
              "minecraft:stronghold": {
                "spacing": 1,
                "separation": 0,
                "salt": 0
              },
              "minecraft:shipwreck": {
                "spacing": 24,
                "separation": 4,
                "salt": 165745295
              },
              "minecraft:monument": {
                "spacing": 32,
                "separation": 5,
                "salt": 10387313
              }
        }
    },
    "noise":{
        "min_y": 0,
        "height": 256,
        "size_horizontal": 1,
        "size_vertical": 2,
        "density_factor": 1.0,
        "density_offset": -0.46875,
        "simplex_surface_noise": true,
        "random_density_offset": true,
        "sampling": {
          "xz_scale": 0.9999999814507745,
          "y_scale": 0.9999999814507745,
          "xz_factor": 80.0,
          "y_factor": 160.0
        },
        "top_slide": {
          "target": -10,
          "size": 3,
          "offset": 0
        },
        "bottom_slide": {
          "target": 15,
          "size": 3,
          "offset": 0
        }
    }
}